{"cameraMode":{"drawMode":0,"name":"Shaded","section":"Shading Mode"},"sceneLighting":false,"audioPlay":false,"sceneViewState":{"showFog":true,"showMaterialUpdate":false,"showSkybox":false,"showFlares":true,"showImageEffects":true,"showParticleSystems":true},"in2DMode":false,"pivot":{"x":-0.007499999832361937,"y":0.034299999475479129,"z":0.03590000048279762},"rotation":{"x":-0.21084986627101899,"y":-0.6503993272781372,"z":0.19501523673534394,"w":-0.7032100558280945},"size":10.0,"orthographic":false}