{"cameraMode":{"drawMode":0,"name":"Shaded","section":"Shading Mode"},"sceneLighting":false,"audioPlay":false,"sceneViewState":{"showFog":true,"showMaterialUpdate":false,"showSkybox":false,"showFlares":true,"showImageEffects":true,"showParticleSystems":true},"in2DMode":false,"pivot":{"x":-0.0027233511209487917,"y":0.00969453901052475,"z":0.08344897627830506},"rotation":{"x":-0.21084986627101899,"y":-0.6503993272781372,"z":0.19501523673534394,"w":-0.7032100558280945},"size":0.0904134139418602,"orthographic":false}